platform,source,item_type,external_id,url,username,title,content,description,author,published_at,raw_date_str,likes,shares,comments_count,word_count,relevance_score,matched_keywords,comment_username,comment_text,comment_published_at,comment_raw_date_str,comment_likes
instagram,instagram,ig_post,DZVGpGniaLU,https://www.instagram.com/p/DZVGpGniaLU/,ojk_solo,,"OJK Panggil Solusiku, Tindak Tegas Dugaan Pelanggaran Penagihan

Sobat OJK,

OJK telah memanggil PT Anugerah Digital Indonesia (pemilik merek “Solusiku”) pada 4 Juni 2026. Langkah ini diambil berdasarkan pengaduan konsumen melalui Aplikasi Portal Perlindungan Konsumen (APPK) OJK terkait proses penagihan yang bermasalah.

Seperti apa tindak tegas OJK terkait dugaan pelanggaran penagihan solusiku? Simak di postingan ini 👆🏻

#OJKIndonesia #Keuangan #Penagihan #DebtCollector #Solusiku"".",,,2026-06-08T15:21:41.000Z,2026-06-08T15:21:41.000Z,40,0,0,62,26,"solusiku,pt anugerah digital indonesia,ojk,penagihan,pelanggaran,pengaduan,konsumen,bermasalah",,,,,
instagram,instagram,ig_post,DZl_JRTE9W0,https://www.instagram.com/p/DZl_JRTE9W0/,ojk_maluku,,"OJK Panggil Solusiku, Tindak Tegas Dugaan Pelanggaran Penagihan

Sobat OJK,

OJK telah memanggil PT Anugerah Digital Indonesia (pemilik merek “Solusiku”) pada 4 Juni 2026. Langkah ini diambil berdasarkan pengaduan konsumen melalui Aplikasi Portal Perlindungan Konsumen (APPK) OJK terkait proses penagihan yang bermasalah.

Seperti apa tindak tegas OJK terkait dugaan pelanggaran penagihan solusiku? Simak di postingan ini 👆🏻

#OJKIndonesia #Keuangan #Penagihan #DebtCollector #Solusiku"".",,,2026-06-15T04:43:15.000Z,2026-06-15T04:43:15.000Z,11,0,0,62,26,"solusiku,pt anugerah digital indonesia,ojk,penagihan,pelanggaran,pengaduan,konsumen,bermasalah",,,,,
instagram,instagram,ig_post,DZSVFpfAWgp,https://www.instagram.com/p/DZSVFpfAWgp/,detikfinanceofficial,,"OJK turun tangan usai menerima pengaduan terkait proses penagihan fintech Solusiku. Regulator kini mendalami dugaan pelanggaran dan meminta penghentian sementara penagihan terhadap konsumen yang telah mengadu hingga pemeriksaan selesai.

Yuk, simak fakta lengkapnya di infografis berikut! 👉

#detikFinance #OJK #Fintech #Solusiku #PerlindunganKonsumen"".",,,2026-06-07T13:30:11.000Z,2026-06-07T13:30:11.000Z,3464,0,317,42,16,"solusiku,fintech,ojk,penagihan,pelanggaran,pengaduan,konsumen",rsd_samp,SPinjam paling parah telp nagih puluhan kali sehari dan WA ngk tahu waktu kacau parah @ojkindonesia pdhl Nilai tagihannya kecil aja🤦🤥🤥😢,2026-06-07T15:19:12.000Z,2026-06-07T15:19:12.000Z,0
instagram,instagram,ig_post,DZSVFpfAWgp,https://www.instagram.com/p/DZSVFpfAWgp/,detikfinanceofficial,,"OJK turun tangan usai menerima pengaduan terkait proses penagihan fintech Solusiku. Regulator kini mendalami dugaan pelanggaran dan meminta penghentian sementara penagihan terhadap konsumen yang telah mengadu hingga pemeriksaan selesai.

Yuk, simak fakta lengkapnya di infografis berikut! 👉

#detikFinance #OJK #Fintech #Solusiku #PerlindunganKonsumen"".",,,2026-06-07T13:30:11.000Z,2026-06-07T13:30:11.000Z,3464,0,317,42,16,"solusiku,fintech,ojk,penagihan,pelanggaran,pengaduan,konsumen",kecapasin17_,"@rsd_samp jangan kaget, sistem sama drivernya aja mereka kejam apalagi sama peminjam",2026-06-07T15:37:25.000Z,2026-06-07T15:37:25.000Z,0
instagram,instagram,ig_post,DZSVFpfAWgp,https://www.instagram.com/p/DZSVFpfAWgp/,detikfinanceofficial,,"OJK turun tangan usai menerima pengaduan terkait proses penagihan fintech Solusiku. Regulator kini mendalami dugaan pelanggaran dan meminta penghentian sementara penagihan terhadap konsumen yang telah mengadu hingga pemeriksaan selesai.

Yuk, simak fakta lengkapnya di infografis berikut! 👉

#detikFinance #OJK #Fintech #Solusiku #PerlindunganKonsumen"".",,,2026-06-07T13:30:11.000Z,2026-06-07T13:30:11.000Z,3464,0,317,42,16,"solusiku,fintech,ojk,penagihan,pelanggaran,pengaduan,konsumen",triebyart,@rsd_samp dan saya kena tipu dari aplikasi ini... Modus pmblokiran akun...,2026-06-07T20:03:22.000Z,2026-06-07T20:03:22.000Z,0
instagram,instagram,ig_post,DZSVFpfAWgp,https://www.instagram.com/p/DZSVFpfAWgp/,detikfinanceofficial,,"OJK turun tangan usai menerima pengaduan terkait proses penagihan fintech Solusiku. Regulator kini mendalami dugaan pelanggaran dan meminta penghentian sementara penagihan terhadap konsumen yang telah mengadu hingga pemeriksaan selesai.

Yuk, simak fakta lengkapnya di infografis berikut! 👉

#detikFinance #OJK #Fintech #Solusiku #PerlindunganKonsumen"".",,,2026-06-07T13:30:11.000Z,2026-06-07T13:30:11.000Z,3464,0,317,42,16,"solusiku,fintech,ojk,penagihan,pelanggaran,pengaduan,konsumen",harveyslide,@rsd_samp mau lu blockir blastnya tetep ada lagi,2026-06-07T23:08:50.000Z,2026-06-07T23:08:50.000Z,0
instagram,instagram,ig_post,DZSVFpfAWgp,https://www.instagram.com/p/DZSVFpfAWgp/,detikfinanceofficial,,"OJK turun tangan usai menerima pengaduan terkait proses penagihan fintech Solusiku. Regulator kini mendalami dugaan pelanggaran dan meminta penghentian sementara penagihan terhadap konsumen yang telah mengadu hingga pemeriksaan selesai.

Yuk, simak fakta lengkapnya di infografis berikut! 👉

#detikFinance #OJK #Fintech #Solusiku #PerlindunganKonsumen"".",,,2026-06-07T13:30:11.000Z,2026-06-07T13:30:11.000Z,3464,0,317,42,16,"solusiku,fintech,ojk,penagihan,pelanggaran,pengaduan,konsumen",uchiicha1113,"@rsd_samp Yups betul @spinjam_id emang paling parah, hari minggu telfon 10x blast 3x, @kontak157 @ojkindonesia  @afpiofficial.id gimana ini kok bisa seenaknya spinjam melanggar peraturan",2026-06-07T23:37:59.000Z,2026-06-07T23:37:59.000Z,0
instagram,instagram,ig_post,DZSVFpfAWgp,https://www.instagram.com/p/DZSVFpfAWgp/,detikfinanceofficial,,"OJK turun tangan usai menerima pengaduan terkait proses penagihan fintech Solusiku. Regulator kini mendalami dugaan pelanggaran dan meminta penghentian sementara penagihan terhadap konsumen yang telah mengadu hingga pemeriksaan selesai.

Yuk, simak fakta lengkapnya di infografis berikut! 👉

#detikFinance #OJK #Fintech #Solusiku #PerlindunganKonsumen"".",,,2026-06-07T13:30:11.000Z,2026-06-07T13:30:11.000Z,3464,0,317,42,16,"solusiku,fintech,ojk,penagihan,pelanggaran,pengaduan,konsumen",act4act,@rsd_samp hi kak kalau boleh tolong kirim screenshotsnya via dm aku yaa,2026-06-08T00:06:48.000Z,2026-06-08T00:06:48.000Z,0
instagram,instagram,ig_post,DZSVFpfAWgp,https://www.instagram.com/p/DZSVFpfAWgp/,detikfinanceofficial,,"OJK turun tangan usai menerima pengaduan terkait proses penagihan fintech Solusiku. Regulator kini mendalami dugaan pelanggaran dan meminta penghentian sementara penagihan terhadap konsumen yang telah mengadu hingga pemeriksaan selesai.

Yuk, simak fakta lengkapnya di infografis berikut! 👉

#detikFinance #OJK #Fintech #Solusiku #PerlindunganKonsumen"".",,,2026-06-07T13:30:11.000Z,2026-06-07T13:30:11.000Z,3464,0,317,42,16,"solusiku,fintech,ojk,penagihan,pelanggaran,pengaduan,konsumen",nalya_listy08,"@rsd_samp belum lagi @shopee_id @spinjam_id keluar kondar ke kontak kontak hp ,tolong di tanggapi @ojkindonesia @afpiofficial.id sudah menyalahi aturan",2026-06-08T01:09:40.000Z,2026-06-08T01:09:40.000Z,0
instagram,instagram,ig_post,DZSVFpfAWgp,https://www.instagram.com/p/DZSVFpfAWgp/,detikfinanceofficial,,"OJK turun tangan usai menerima pengaduan terkait proses penagihan fintech Solusiku. Regulator kini mendalami dugaan pelanggaran dan meminta penghentian sementara penagihan terhadap konsumen yang telah mengadu hingga pemeriksaan selesai.

Yuk, simak fakta lengkapnya di infografis berikut! 👉

#detikFinance #OJK #Fintech #Solusiku #PerlindunganKonsumen"".",,,2026-06-07T13:30:11.000Z,2026-06-07T13:30:11.000Z,3464,0,317,42,16,"solusiku,fintech,ojk,penagihan,pelanggaran,pengaduan,konsumen",thenatmom,"@rsd_samp bener banget si Blast kan yg tagih? Masa tagih smpe kontak ke no kontak yg lain, pdhal udh d jawab tdak ketemu sy sdah tahunan,, masih no kontak tersebut dia hubungi.. Hari minggu, tgl merah, jam 21.30 jg tagih",2026-06-08T02:15:21.000Z,2026-06-08T02:15:21.000Z,0
instagram,instagram,ig_post,DZSVFpfAWgp,https://www.instagram.com/p/DZSVFpfAWgp/,detikfinanceofficial,,"OJK turun tangan usai menerima pengaduan terkait proses penagihan fintech Solusiku. Regulator kini mendalami dugaan pelanggaran dan meminta penghentian sementara penagihan terhadap konsumen yang telah mengadu hingga pemeriksaan selesai.

Yuk, simak fakta lengkapnya di infografis berikut! 👉

#detikFinance #OJK #Fintech #Solusiku #PerlindunganKonsumen"".",,,2026-06-07T13:30:11.000Z,2026-06-07T13:30:11.000Z,3464,0,317,42,16,"solusiku,fintech,ojk,penagihan,pelanggaran,pengaduan,konsumen",thenatmom,"Iyaa,, gilaa BLAST inj",2026-06-08T02:15:57.000Z,2026-06-08T02:15:57.000Z,0
instagram,instagram,ig_post,DZSVFpfAWgp,https://www.instagram.com/p/DZSVFpfAWgp/,detikfinanceofficial,,"OJK turun tangan usai menerima pengaduan terkait proses penagihan fintech Solusiku. Regulator kini mendalami dugaan pelanggaran dan meminta penghentian sementara penagihan terhadap konsumen yang telah mengadu hingga pemeriksaan selesai.

Yuk, simak fakta lengkapnya di infografis berikut! 👉

#detikFinance #OJK #Fintech #Solusiku #PerlindunganKonsumen"".",,,2026-06-07T13:30:11.000Z,2026-06-07T13:30:11.000Z,3464,0,317,42,16,"solusiku,fintech,ojk,penagihan,pelanggaran,pengaduan,konsumen",attaqimomy,@rsd_samp sama kk aku ada tagihan 750 ribu tapi nagih nya mengancam mau ke RT dan Rw,2026-06-08T04:14:06.000Z,2026-06-08T04:14:06.000Z,0
instagram,instagram,ig_post,DZSVFpfAWgp,https://www.instagram.com/p/DZSVFpfAWgp/,detikfinanceofficial,,"OJK turun tangan usai menerima pengaduan terkait proses penagihan fintech Solusiku. Regulator kini mendalami dugaan pelanggaran dan meminta penghentian sementara penagihan terhadap konsumen yang telah mengadu hingga pemeriksaan selesai.

Yuk, simak fakta lengkapnya di infografis berikut! 👉

#detikFinance #OJK #Fintech #Solusiku #PerlindunganKonsumen"".",,,2026-06-07T13:30:11.000Z,2026-06-07T13:30:11.000Z,3464,0,317,42,16,"solusiku,fintech,ojk,penagihan,pelanggaran,pengaduan,konsumen",vitrhiee_b,@triebayumarteu kenak tipu gmna kak? Aku jg takut ni,2026-06-08T06:26:38.000Z,2026-06-08T06:26:38.000Z,0
instagram,instagram,ig_post,DZSVFpfAWgp,https://www.instagram.com/p/DZSVFpfAWgp/,detikfinanceofficial,,"OJK turun tangan usai menerima pengaduan terkait proses penagihan fintech Solusiku. Regulator kini mendalami dugaan pelanggaran dan meminta penghentian sementara penagihan terhadap konsumen yang telah mengadu hingga pemeriksaan selesai.

Yuk, simak fakta lengkapnya di infografis berikut! 👉

#detikFinance #OJK #Fintech #Solusiku #PerlindunganKonsumen"".",,,2026-06-07T13:30:11.000Z,2026-06-07T13:30:11.000Z,3464,0,317,42,16,"solusiku,fintech,ojk,penagihan,pelanggaran,pengaduan,konsumen",rubenutu,@rsd_samp spaylater gt jg ga kak?,2026-06-08T12:24:13.000Z,2026-06-08T12:24:13.000Z,0
instagram,instagram,ig_post,DZSVFpfAWgp,https://www.instagram.com/p/DZSVFpfAWgp/,detikfinanceofficial,,"OJK turun tangan usai menerima pengaduan terkait proses penagihan fintech Solusiku. Regulator kini mendalami dugaan pelanggaran dan meminta penghentian sementara penagihan terhadap konsumen yang telah mengadu hingga pemeriksaan selesai.

Yuk, simak fakta lengkapnya di infografis berikut! 👉

#detikFinance #OJK #Fintech #Solusiku #PerlindunganKonsumen"".",,,2026-06-07T13:30:11.000Z,2026-06-07T13:30:11.000Z,3464,0,317,42,16,"solusiku,fintech,ojk,penagihan,pelanggaran,pengaduan,konsumen",feri_ardiansah18,@rsd_samp iya betul kontak sy buat kontak darurat temen yg diteror sy ... Yg hutang siapa yg diteror siapa 😢,2026-06-08T14:56:17.000Z,2026-06-08T14:56:17.000Z,0
instagram,instagram,ig_post,DZSVFpfAWgp,https://www.instagram.com/p/DZSVFpfAWgp/,detikfinanceofficial,,"OJK turun tangan usai menerima pengaduan terkait proses penagihan fintech Solusiku. Regulator kini mendalami dugaan pelanggaran dan meminta penghentian sementara penagihan terhadap konsumen yang telah mengadu hingga pemeriksaan selesai.

Yuk, simak fakta lengkapnya di infografis berikut! 👉

#detikFinance #OJK #Fintech #Solusiku #PerlindunganKonsumen"".",,,2026-06-07T13:30:11.000Z,2026-06-07T13:30:11.000Z,3464,0,317,42,16,"solusiku,fintech,ojk,penagihan,pelanggaran,pengaduan,konsumen",khinayjourney,"@rsd_samp betul banget nih ini juga parah wa ngancam mau lapor kepengurus setempat kita,,nelponin siapa aja dia yg gak bersangkutan,ada beberapa temen saya juga ngerasain kaya gitu juga..",2026-06-09T23:58:50.000Z,2026-06-09T23:58:50.000Z,0
instagram,instagram,ig_post,DZSVFpfAWgp,https://www.instagram.com/p/DZSVFpfAWgp/,detikfinanceofficial,,"OJK turun tangan usai menerima pengaduan terkait proses penagihan fintech Solusiku. Regulator kini mendalami dugaan pelanggaran dan meminta penghentian sementara penagihan terhadap konsumen yang telah mengadu hingga pemeriksaan selesai.

Yuk, simak fakta lengkapnya di infografis berikut! 👉

#detikFinance #OJK #Fintech #Solusiku #PerlindunganKonsumen"".",,,2026-06-07T13:30:11.000Z,2026-06-07T13:30:11.000Z,3464,0,317,42,16,"solusiku,fintech,ojk,penagihan,pelanggaran,pengaduan,konsumen",magnolia_ever,Buat laporan ke afpi dan ojk. Ada bukti screen.shoot . Email ditamggepi oleh afpi . Atau datang ke  kantor ojk bila sempat . Kalau banyak bukti baru bisa mrk kena . Jadi bukam komplin atau lpor di sosmed,2026-06-13T01:51:54.000Z,2026-06-13T01:51:54.000Z,0
instagram,instagram,ig_post,DZSVFpfAWgp,https://www.instagram.com/p/DZSVFpfAWgp/,detikfinanceofficial,,"OJK turun tangan usai menerima pengaduan terkait proses penagihan fintech Solusiku. Regulator kini mendalami dugaan pelanggaran dan meminta penghentian sementara penagihan terhadap konsumen yang telah mengadu hingga pemeriksaan selesai.

Yuk, simak fakta lengkapnya di infografis berikut! 👉

#detikFinance #OJK #Fintech #Solusiku #PerlindunganKonsumen"".",,,2026-06-07T13:30:11.000Z,2026-06-07T13:30:11.000Z,3464,0,317,42,16,"solusiku,fintech,ojk,penagihan,pelanggaran,pengaduan,konsumen",andrehk8880,Cek semua..gopay dan shopee juga sama !! @ojkindonesia,2026-06-07T23:09:01.000Z,2026-06-07T23:09:01.000Z,0
instagram,instagram,ig_post,DZSVFpfAWgp,https://www.instagram.com/p/DZSVFpfAWgp/,detikfinanceofficial,,"OJK turun tangan usai menerima pengaduan terkait proses penagihan fintech Solusiku. Regulator kini mendalami dugaan pelanggaran dan meminta penghentian sementara penagihan terhadap konsumen yang telah mengadu hingga pemeriksaan selesai.

Yuk, simak fakta lengkapnya di infografis berikut! 👉

#detikFinance #OJK #Fintech #Solusiku #PerlindunganKonsumen"".",,,2026-06-07T13:30:11.000Z,2026-06-07T13:30:11.000Z,3464,0,317,42,16,"solusiku,fintech,ojk,penagihan,pelanggaran,pengaduan,konsumen",pejuanghidupbebas,"Bener. Gopaylater telat sehari udah kondar. G nyangka aplikasi besar tapi DCnya g profesional. Kayaknya emang mau bangkrut tuh gojek, liat postingan @gopayindonesia isinya orang protes top up ga masuk dananya.",2026-06-08T23:42:33.000Z,2026-06-08T23:42:33.000Z,0
instagram,instagram,ig_post,DZSVFpfAWgp,https://www.instagram.com/p/DZSVFpfAWgp/,detikfinanceofficial,,"OJK turun tangan usai menerima pengaduan terkait proses penagihan fintech Solusiku. Regulator kini mendalami dugaan pelanggaran dan meminta penghentian sementara penagihan terhadap konsumen yang telah mengadu hingga pemeriksaan selesai.

Yuk, simak fakta lengkapnya di infografis berikut! 👉

#detikFinance #OJK #Fintech #Solusiku #PerlindunganKonsumen"".",,,2026-06-07T13:30:11.000Z,2026-06-07T13:30:11.000Z,3464,0,317,42,16,"solusiku,fintech,ojk,penagihan,pelanggaran,pengaduan,konsumen",andrehk8880,@pejuanghidupbebas gopin sm oren itu sama kak apk gede tp penagihan barbar sekali..kebun binatang keluar semua..lapor ojk jg percuma diterima2 tp nggak ada tindakan konkrit!!,2026-06-08T23:54:40.000Z,2026-06-08T23:54:40.000Z,0
instagram,instagram,ig_post,DZSVFpfAWgp,https://www.instagram.com/p/DZSVFpfAWgp/,detikfinanceofficial,,"OJK turun tangan usai menerima pengaduan terkait proses penagihan fintech Solusiku. Regulator kini mendalami dugaan pelanggaran dan meminta penghentian sementara penagihan terhadap konsumen yang telah mengadu hingga pemeriksaan selesai.

Yuk, simak fakta lengkapnya di infografis berikut! 👉

#detikFinance #OJK #Fintech #Solusiku #PerlindunganKonsumen"".",,,2026-06-07T13:30:11.000Z,2026-06-07T13:30:11.000Z,3464,0,317,42,16,"solusiku,fintech,ojk,penagihan,pelanggaran,pengaduan,konsumen",trilestari47,Betull .gopay telat sehari ancemannya udh kyk telat 1 bulan.. ngak bner bgt.. udah bunganya gede..potongan gde.. telat sehari aja ancemannya ngk main main,2026-06-09T02:35:31.000Z,2026-06-09T02:35:31.000Z,0
instagram,instagram,ig_post,DZSVFpfAWgp,https://www.instagram.com/p/DZSVFpfAWgp/,detikfinanceofficial,,"OJK turun tangan usai menerima pengaduan terkait proses penagihan fintech Solusiku. Regulator kini mendalami dugaan pelanggaran dan meminta penghentian sementara penagihan terhadap konsumen yang telah mengadu hingga pemeriksaan selesai.

Yuk, simak fakta lengkapnya di infografis berikut! 👉

#detikFinance #OJK #Fintech #Solusiku #PerlindunganKonsumen"".",,,2026-06-07T13:30:11.000Z,2026-06-07T13:30:11.000Z,3464,0,317,42,16,"solusiku,fintech,ojk,penagihan,pelanggaran,pengaduan,konsumen",ayunov_it,@bankmegaid debtcollector ini juga sama kemana saya harus melapor?,2026-06-09T06:11:47.000Z,2026-06-09T06:11:47.000Z,0
instagram,instagram,ig_post,DZSVFpfAWgp,https://www.instagram.com/p/DZSVFpfAWgp/,detikfinanceofficial,,"OJK turun tangan usai menerima pengaduan terkait proses penagihan fintech Solusiku. Regulator kini mendalami dugaan pelanggaran dan meminta penghentian sementara penagihan terhadap konsumen yang telah mengadu hingga pemeriksaan selesai.

Yuk, simak fakta lengkapnya di infografis berikut! 👉

#detikFinance #OJK #Fintech #Solusiku #PerlindunganKonsumen"".",,,2026-06-07T13:30:11.000Z,2026-06-07T13:30:11.000Z,3464,0,317,42,16,"solusiku,fintech,ojk,penagihan,pelanggaran,pengaduan,konsumen",tn_mbg,"@ayunov_it udah lapor kak ? DM saya aja kak, saya udah lapor jg terkait DC bank ini",2026-06-10T06:19:30.000Z,2026-06-10T06:19:30.000Z,0
instagram,instagram,ig_post,DZSVFpfAWgp,https://www.instagram.com/p/DZSVFpfAWgp/,detikfinanceofficial,,"OJK turun tangan usai menerima pengaduan terkait proses penagihan fintech Solusiku. Regulator kini mendalami dugaan pelanggaran dan meminta penghentian sementara penagihan terhadap konsumen yang telah mengadu hingga pemeriksaan selesai.

Yuk, simak fakta lengkapnya di infografis berikut! 👉

#detikFinance #OJK #Fintech #Solusiku #PerlindunganKonsumen"".",,,2026-06-07T13:30:11.000Z,2026-06-07T13:30:11.000Z,3464,0,317,42,16,"solusiku,fintech,ojk,penagihan,pelanggaran,pengaduan,konsumen",ayunov_it,@tn_mbg sudah email ke @ojkindonesia,2026-06-10T11:41:18.000Z,2026-06-10T11:41:18.000Z,0
instagram,instagram,ig_post,DZSVFpfAWgp,https://www.instagram.com/p/DZSVFpfAWgp/,detikfinanceofficial,,"OJK turun tangan usai menerima pengaduan terkait proses penagihan fintech Solusiku. Regulator kini mendalami dugaan pelanggaran dan meminta penghentian sementara penagihan terhadap konsumen yang telah mengadu hingga pemeriksaan selesai.

Yuk, simak fakta lengkapnya di infografis berikut! 👉

#detikFinance #OJK #Fintech #Solusiku #PerlindunganKonsumen"".",,,2026-06-07T13:30:11.000Z,2026-06-07T13:30:11.000Z,3464,0,317,42,16,"solusiku,fintech,ojk,penagihan,pelanggaran,pengaduan,konsumen",tn_mbg,"@ayunov_it update trus laporannya kak. Semoga di tindak, saya jg udh lapor ke ojk,",2026-06-11T04:02:16.000Z,2026-06-11T04:02:16.000Z,0
instagram,instagram,ig_post,DZSVFpfAWgp,https://www.instagram.com/p/DZSVFpfAWgp/,detikfinanceofficial,,"OJK turun tangan usai menerima pengaduan terkait proses penagihan fintech Solusiku. Regulator kini mendalami dugaan pelanggaran dan meminta penghentian sementara penagihan terhadap konsumen yang telah mengadu hingga pemeriksaan selesai.

Yuk, simak fakta lengkapnya di infografis berikut! 👉

#detikFinance #OJK #Fintech #Solusiku #PerlindunganKonsumen"".",,,2026-06-07T13:30:11.000Z,2026-06-07T13:30:11.000Z,3464,0,317,42,16,"solusiku,fintech,ojk,penagihan,pelanggaran,pengaduan,konsumen",giffaizhe3,@ayunov_it Allo bank juga kelakuan nya sama,2026-06-11T08:36:11.000Z,2026-06-11T08:36:11.000Z,0
instagram,instagram,ig_post,DZSVFpfAWgp,https://www.instagram.com/p/DZSVFpfAWgp/,detikfinanceofficial,,"OJK turun tangan usai menerima pengaduan terkait proses penagihan fintech Solusiku. Regulator kini mendalami dugaan pelanggaran dan meminta penghentian sementara penagihan terhadap konsumen yang telah mengadu hingga pemeriksaan selesai.

Yuk, simak fakta lengkapnya di infografis berikut! 👉

#detikFinance #OJK #Fintech #Solusiku #PerlindunganKonsumen"".",,,2026-06-07T13:30:11.000Z,2026-06-07T13:30:11.000Z,3464,0,317,42,16,"solusiku,fintech,ojk,penagihan,pelanggaran,pengaduan,konsumen",dimas_putra13,@ayunov_it sama saya juga udh lapor ke @ojkindonesia tp ga tau di follow up kembali apa ga 😂😂,2026-06-15T06:55:07.000Z,2026-06-15T06:55:07.000Z,0
instagram,instagram,ig_post,DZSVFpfAWgp,https://www.instagram.com/p/DZSVFpfAWgp/,detikfinanceofficial,,"OJK turun tangan usai menerima pengaduan terkait proses penagihan fintech Solusiku. Regulator kini mendalami dugaan pelanggaran dan meminta penghentian sementara penagihan terhadap konsumen yang telah mengadu hingga pemeriksaan selesai.

Yuk, simak fakta lengkapnya di infografis berikut! 👉

#detikFinance #OJK #Fintech #Solusiku #PerlindunganKonsumen"".",,,2026-06-07T13:30:11.000Z,2026-06-07T13:30:11.000Z,3464,0,317,42,16,"solusiku,fintech,ojk,penagihan,pelanggaran,pengaduan,konsumen",ayunov_it,@dimas_putra13 iyaaa lamaaa belum dibalas :(,2026-06-15T07:41:42.000Z,2026-06-15T07:41:42.000Z,0
instagram,instagram,ig_post,DZSVFpfAWgp,https://www.instagram.com/p/DZSVFpfAWgp/,detikfinanceofficial,,"OJK turun tangan usai menerima pengaduan terkait proses penagihan fintech Solusiku. Regulator kini mendalami dugaan pelanggaran dan meminta penghentian sementara penagihan terhadap konsumen yang telah mengadu hingga pemeriksaan selesai.

Yuk, simak fakta lengkapnya di infografis berikut! 👉

#detikFinance #OJK #Fintech #Solusiku #PerlindunganKonsumen"".",,,2026-06-07T13:30:11.000Z,2026-06-07T13:30:11.000Z,3464,0,317,42,16,"solusiku,fintech,ojk,penagihan,pelanggaran,pengaduan,konsumen",jayaa664,@ayunov_it makanya banyar utangmu jangan jadi pengutang busuk,2026-06-19T08:53:01.000Z,2026-06-19T08:53:01.000Z,0
instagram,instagram,ig_post,DZSVFpfAWgp,https://www.instagram.com/p/DZSVFpfAWgp/,detikfinanceofficial,,"OJK turun tangan usai menerima pengaduan terkait proses penagihan fintech Solusiku. Regulator kini mendalami dugaan pelanggaran dan meminta penghentian sementara penagihan terhadap konsumen yang telah mengadu hingga pemeriksaan selesai.

Yuk, simak fakta lengkapnya di infografis berikut! 👉

#detikFinance #OJK #Fintech #Solusiku #PerlindunganKonsumen"".",,,2026-06-07T13:30:11.000Z,2026-06-07T13:30:11.000Z,3464,0,317,42,16,"solusiku,fintech,ojk,penagihan,pelanggaran,pengaduan,konsumen",dewasetyabudi108,Lebih baik tutup semua pinjol ti lebih bagus,2026-06-07T15:07:23.000Z,2026-06-07T15:07:23.000Z,0
instagram,instagram,ig_post,DZSVFpfAWgp,https://www.instagram.com/p/DZSVFpfAWgp/,detikfinanceofficial,,"OJK turun tangan usai menerima pengaduan terkait proses penagihan fintech Solusiku. Regulator kini mendalami dugaan pelanggaran dan meminta penghentian sementara penagihan terhadap konsumen yang telah mengadu hingga pemeriksaan selesai.

Yuk, simak fakta lengkapnya di infografis berikut! 👉

#detikFinance #OJK #Fintech #Solusiku #PerlindunganKonsumen"".",,,2026-06-07T13:30:11.000Z,2026-06-07T13:30:11.000Z,3464,0,317,42,16,"solusiku,fintech,ojk,penagihan,pelanggaran,pengaduan,konsumen",pollar_bear_99,"@dewasetyabudi108 di cina gak ada barang ini. sudah hilang barang ini ekonomi meroket, di indonesia maklum gembel kebelet kaya ngikutin cara kotor cina. mlm juga dari rusia masih ada aja itu praktik kotor. musuh orang indonesia ya orang indonesia sendiri",2026-06-07T15:09:49.000Z,2026-06-07T15:09:49.000Z,0
instagram,instagram,ig_post,DZSVFpfAWgp,https://www.instagram.com/p/DZSVFpfAWgp/,detikfinanceofficial,,"OJK turun tangan usai menerima pengaduan terkait proses penagihan fintech Solusiku. Regulator kini mendalami dugaan pelanggaran dan meminta penghentian sementara penagihan terhadap konsumen yang telah mengadu hingga pemeriksaan selesai.

Yuk, simak fakta lengkapnya di infografis berikut! 👉

#detikFinance #OJK #Fintech #Solusiku #PerlindunganKonsumen"".",,,2026-06-07T13:30:11.000Z,2026-06-07T13:30:11.000Z,3464,0,317,42,16,"solusiku,fintech,ojk,penagihan,pelanggaran,pengaduan,konsumen",faizolabdai,@dewasetyabudi108 bener.. Pinjol terlalu gampang persyaratannya. Kalau ga ada jaminan orang pinjam terlalu meremehkan. Ujung²nya utang numpuk. Paling bener utang di bank aja. Kalo ada jaminan kan masih mikir² mau utang,2026-06-07T18:01:36.000Z,2026-06-07T18:01:36.000Z,0
instagram,instagram,ig_post,DZSVFpfAWgp,https://www.instagram.com/p/DZSVFpfAWgp/,detikfinanceofficial,,"OJK turun tangan usai menerima pengaduan terkait proses penagihan fintech Solusiku. Regulator kini mendalami dugaan pelanggaran dan meminta penghentian sementara penagihan terhadap konsumen yang telah mengadu hingga pemeriksaan selesai.

Yuk, simak fakta lengkapnya di infografis berikut! 👉

#detikFinance #OJK #Fintech #Solusiku #PerlindunganKonsumen"".",,,2026-06-07T13:30:11.000Z,2026-06-07T13:30:11.000Z,3464,0,317,42,16,"solusiku,fintech,ojk,penagihan,pelanggaran,pengaduan,konsumen",act4act,"@faizolabdai hi kak, terkadang pengajuan persyaratan peminjaman di bank itu lebih sulit dan memakan waktu lama berbeda dengan pinjol. Saya rasa sistemnya juga harus dirubah",2026-06-08T00:06:24.000Z,2026-06-08T00:06:24.000Z,0
instagram,instagram,ig_post,DZSVFpfAWgp,https://www.instagram.com/p/DZSVFpfAWgp/,detikfinanceofficial,,"OJK turun tangan usai menerima pengaduan terkait proses penagihan fintech Solusiku. Regulator kini mendalami dugaan pelanggaran dan meminta penghentian sementara penagihan terhadap konsumen yang telah mengadu hingga pemeriksaan selesai.

Yuk, simak fakta lengkapnya di infografis berikut! 👉

#detikFinance #OJK #Fintech #Solusiku #PerlindunganKonsumen"".",,,2026-06-07T13:30:11.000Z,2026-06-07T13:30:11.000Z,3464,0,317,42,16,"solusiku,fintech,ojk,penagihan,pelanggaran,pengaduan,konsumen",budisan5776,"@faizolabdai bener, tanpa jaminan uang keluar, diduga si pinjol2 ini duitnya asalnya dari uang2 haram , hasil korupsi2 dikumpulkan,  sedang diusut, kok brani minjemin dana tanpa jaminan😂",2026-06-08T01:05:03.000Z,2026-06-08T01:05:03.000Z,0
instagram,instagram,ig_post,DZSVFpfAWgp,https://www.instagram.com/p/DZSVFpfAWgp/,detikfinanceofficial,,"OJK turun tangan usai menerima pengaduan terkait proses penagihan fintech Solusiku. Regulator kini mendalami dugaan pelanggaran dan meminta penghentian sementara penagihan terhadap konsumen yang telah mengadu hingga pemeriksaan selesai.

Yuk, simak fakta lengkapnya di infografis berikut! 👉

#detikFinance #OJK #Fintech #Solusiku #PerlindunganKonsumen"".",,,2026-06-07T13:30:11.000Z,2026-06-07T13:30:11.000Z,3464,0,317,42,16,"solusiku,fintech,ojk,penagihan,pelanggaran,pengaduan,konsumen",nununananini10,@dewasetyabudi108 setuju sih.,2026-06-08T02:56:34.000Z,2026-06-08T02:56:34.000Z,0
instagram,instagram,ig_post,DZSVFpfAWgp,https://www.instagram.com/p/DZSVFpfAWgp/,detikfinanceofficial,,"OJK turun tangan usai menerima pengaduan terkait proses penagihan fintech Solusiku. Regulator kini mendalami dugaan pelanggaran dan meminta penghentian sementara penagihan terhadap konsumen yang telah mengadu hingga pemeriksaan selesai.

Yuk, simak fakta lengkapnya di infografis berikut! 👉

#detikFinance #OJK #Fintech #Solusiku #PerlindunganKonsumen"".",,,2026-06-07T13:30:11.000Z,2026-06-07T13:30:11.000Z,3464,0,317,42,16,"solusiku,fintech,ojk,penagihan,pelanggaran,pengaduan,konsumen",zeldai21,"@dewasetyabudi108 tutup n hapus pinjol, hutang diputihkan seperti KUR BRI",2026-06-08T03:22:17.000Z,2026-06-08T03:22:17.000Z,0
instagram,instagram,ig_post,DZSVFpfAWgp,https://www.instagram.com/p/DZSVFpfAWgp/,detikfinanceofficial,,"OJK turun tangan usai menerima pengaduan terkait proses penagihan fintech Solusiku. Regulator kini mendalami dugaan pelanggaran dan meminta penghentian sementara penagihan terhadap konsumen yang telah mengadu hingga pemeriksaan selesai.

Yuk, simak fakta lengkapnya di infografis berikut! 👉

#detikFinance #OJK #Fintech #Solusiku #PerlindunganKonsumen"".",,,2026-06-07T13:30:11.000Z,2026-06-07T13:30:11.000Z,3464,0,317,42,16,"solusiku,fintech,ojk,penagihan,pelanggaran,pengaduan,konsumen",kyasaa8,@pollar_bear_99 jangan salah di cina pindah di mariiii,2026-06-08T06:07:26.000Z,2026-06-08T06:07:26.000Z,0
instagram,instagram,ig_post,DZSVFpfAWgp,https://www.instagram.com/p/DZSVFpfAWgp/,detikfinanceofficial,,"OJK turun tangan usai menerima pengaduan terkait proses penagihan fintech Solusiku. Regulator kini mendalami dugaan pelanggaran dan meminta penghentian sementara penagihan terhadap konsumen yang telah mengadu hingga pemeriksaan selesai.

Yuk, simak fakta lengkapnya di infografis berikut! 👉

#detikFinance #OJK #Fintech #Solusiku #PerlindunganKonsumen"".",,,2026-06-07T13:30:11.000Z,2026-06-07T13:30:11.000Z,3464,0,317,42,16,"solusiku,fintech,ojk,penagihan,pelanggaran,pengaduan,konsumen",gekshyaa_,@dewasetyabudi108 setuju kak,2026-06-08T07:17:00.000Z,2026-06-08T07:17:00.000Z,0
instagram,instagram,ig_post,DZSVFpfAWgp,https://www.instagram.com/p/DZSVFpfAWgp/,detikfinanceofficial,,"OJK turun tangan usai menerima pengaduan terkait proses penagihan fintech Solusiku. Regulator kini mendalami dugaan pelanggaran dan meminta penghentian sementara penagihan terhadap konsumen yang telah mengadu hingga pemeriksaan selesai.

Yuk, simak fakta lengkapnya di infografis berikut! 👉

#detikFinance #OJK #Fintech #Solusiku #PerlindunganKonsumen"".",,,2026-06-07T13:30:11.000Z,2026-06-07T13:30:11.000Z,3464,0,317,42,16,"solusiku,fintech,ojk,penagihan,pelanggaran,pengaduan,konsumen",arman_febry,"@ojkindonesia sebenernya lembaga ini ngk guna.kasus seperti ini sudah lama terjadi dan sudah banyak nasabah yang bunuh diri karna tekanan mental.viral dulu baru gerak,ya tau sendirilah knp ngk ditindak dan masyarakat juga bisa menilai. @manangsoebeti_official pak bray menurut saya orang paling berjasa. saya rasa klo pak bray jd pimpinan OJK habis sudah pinjol2 yg bermasalah.",2026-06-07T18:42:17.000Z,2026-06-07T18:42:17.000Z,0
instagram,instagram,ig_post,DZSVFpfAWgp,https://www.instagram.com/p/DZSVFpfAWgp/,detikfinanceofficial,,"OJK turun tangan usai menerima pengaduan terkait proses penagihan fintech Solusiku. Regulator kini mendalami dugaan pelanggaran dan meminta penghentian sementara penagihan terhadap konsumen yang telah mengadu hingga pemeriksaan selesai.

Yuk, simak fakta lengkapnya di infografis berikut! 👉

#detikFinance #OJK #Fintech #Solusiku #PerlindunganKonsumen"".",,,2026-06-07T13:30:11.000Z,2026-06-07T13:30:11.000Z,3464,0,317,42,16,"solusiku,fintech,ojk,penagihan,pelanggaran,pengaduan,konsumen",enamsembilanenam_,"@arman_febry udah ada korban pemecatan terkait penagihan ini, niat pada ngumpulin eh dipecat gara gara bocil dc",2026-06-07T23:45:02.000Z,2026-06-07T23:45:02.000Z,0
instagram,instagram,ig_post,DZSVFpfAWgp,https://www.instagram.com/p/DZSVFpfAWgp/,detikfinanceofficial,,"OJK turun tangan usai menerima pengaduan terkait proses penagihan fintech Solusiku. Regulator kini mendalami dugaan pelanggaran dan meminta penghentian sementara penagihan terhadap konsumen yang telah mengadu hingga pemeriksaan selesai.

Yuk, simak fakta lengkapnya di infografis berikut! 👉

#detikFinance #OJK #Fintech #Solusiku #PerlindunganKonsumen"".",,,2026-06-07T13:30:11.000Z,2026-06-07T13:30:11.000Z,3464,0,317,42,16,"solusiku,fintech,ojk,penagihan,pelanggaran,pengaduan,konsumen",ruswatiiyus,"@arman_febry Iyaa bner, aku setuju, @manangsoebeti_official  jadi ketua @ojkindonesia @ojk_jawabarat",2026-06-08T00:56:22.000Z,2026-06-08T00:56:22.000Z,0
instagram,instagram,ig_post,DZSVFpfAWgp,https://www.instagram.com/p/DZSVFpfAWgp/,detikfinanceofficial,,"OJK turun tangan usai menerima pengaduan terkait proses penagihan fintech Solusiku. Regulator kini mendalami dugaan pelanggaran dan meminta penghentian sementara penagihan terhadap konsumen yang telah mengadu hingga pemeriksaan selesai.

Yuk, simak fakta lengkapnya di infografis berikut! 👉

#detikFinance #OJK #Fintech #Solusiku #PerlindunganKonsumen"".",,,2026-06-07T13:30:11.000Z,2026-06-07T13:30:11.000Z,3464,0,317,42,16,"solusiku,fintech,ojk,penagihan,pelanggaran,pengaduan,konsumen",yaafattahyaarazaq,@arman_febry dukung...🔥🔥,2026-06-08T03:47:49.000Z,2026-06-08T03:47:49.000Z,0
instagram,instagram,ig_post,DZSVFpfAWgp,https://www.instagram.com/p/DZSVFpfAWgp/,detikfinanceofficial,,"OJK turun tangan usai menerima pengaduan terkait proses penagihan fintech Solusiku. Regulator kini mendalami dugaan pelanggaran dan meminta penghentian sementara penagihan terhadap konsumen yang telah mengadu hingga pemeriksaan selesai.

Yuk, simak fakta lengkapnya di infografis berikut! 👉

#detikFinance #OJK #Fintech #Solusiku #PerlindunganKonsumen"".",,,2026-06-07T13:30:11.000Z,2026-06-07T13:30:11.000Z,3464,0,317,42,16,"solusiku,fintech,ojk,penagihan,pelanggaran,pengaduan,konsumen",reveeeal,@arman_febry 🔥,2026-06-08T03:54:06.000Z,2026-06-08T03:54:06.000Z,0
instagram,instagram,ig_post,DZSVFpfAWgp,https://www.instagram.com/p/DZSVFpfAWgp/,detikfinanceofficial,,"OJK turun tangan usai menerima pengaduan terkait proses penagihan fintech Solusiku. Regulator kini mendalami dugaan pelanggaran dan meminta penghentian sementara penagihan terhadap konsumen yang telah mengadu hingga pemeriksaan selesai.

Yuk, simak fakta lengkapnya di infografis berikut! 👉

#detikFinance #OJK #Fintech #Solusiku #PerlindunganKonsumen"".",,,2026-06-07T13:30:11.000Z,2026-06-07T13:30:11.000Z,3464,0,317,42,16,"solusiku,fintech,ojk,penagihan,pelanggaran,pengaduan,konsumen",ardi.tamieng,"Makanya hutang bayar sesuai kesepakatan, sesuai tgl jatuh tempo kalau ga mau di tagih2 gitu. OJK juga jgn terlalu membela debitur yg tdk tepat waktu pembayaran nya.Saat proses peminjaman semua aturan&kesepakatan di terima oleh debitur, saat pembayaran yg terlambat ya wajar kresitur menagih.",2026-06-07T13:48:52.000Z,2026-06-07T13:48:52.000Z,0
instagram,instagram,ig_post,DZSVFpfAWgp,https://www.instagram.com/p/DZSVFpfAWgp/,detikfinanceofficial,,"OJK turun tangan usai menerima pengaduan terkait proses penagihan fintech Solusiku. Regulator kini mendalami dugaan pelanggaran dan meminta penghentian sementara penagihan terhadap konsumen yang telah mengadu hingga pemeriksaan selesai.

Yuk, simak fakta lengkapnya di infografis berikut! 👉

#detikFinance #OJK #Fintech #Solusiku #PerlindunganKonsumen"".",,,2026-06-07T13:30:11.000Z,2026-06-07T13:30:11.000Z,3464,0,317,42,16,"solusiku,fintech,ojk,penagihan,pelanggaran,pengaduan,konsumen",ilmupadiii271,@ardi.tamieng bunga melebihi 0.5% sudah melanggar 🙌,2026-06-07T13:53:35.000Z,2026-06-07T13:53:35.000Z,0
instagram,instagram,ig_post,DZSVFpfAWgp,https://www.instagram.com/p/DZSVFpfAWgp/,detikfinanceofficial,,"OJK turun tangan usai menerima pengaduan terkait proses penagihan fintech Solusiku. Regulator kini mendalami dugaan pelanggaran dan meminta penghentian sementara penagihan terhadap konsumen yang telah mengadu hingga pemeriksaan selesai.

Yuk, simak fakta lengkapnya di infografis berikut! 👉

#detikFinance #OJK #Fintech #Solusiku #PerlindunganKonsumen"".",,,2026-06-07T13:30:11.000Z,2026-06-07T13:30:11.000Z,3464,0,317,42,16,"solusiku,fintech,ojk,penagihan,pelanggaran,pengaduan,konsumen",nahmd17,@ardi.tamieng antek antek pinjol bangsat,2026-06-07T14:11:36.000Z,2026-06-07T14:11:36.000Z,0
instagram,instagram,ig_post,DZSVFpfAWgp,https://www.instagram.com/p/DZSVFpfAWgp/,detikfinanceofficial,,"OJK turun tangan usai menerima pengaduan terkait proses penagihan fintech Solusiku. Regulator kini mendalami dugaan pelanggaran dan meminta penghentian sementara penagihan terhadap konsumen yang telah mengadu hingga pemeriksaan selesai.

Yuk, simak fakta lengkapnya di infografis berikut! 👉

#detikFinance #OJK #Fintech #Solusiku #PerlindunganKonsumen"".",,,2026-06-07T13:30:11.000Z,2026-06-07T13:30:11.000Z,3464,0,317,42,16,"solusiku,fintech,ojk,penagihan,pelanggaran,pengaduan,konsumen",ardi.tamieng,"Udah tau pinjol nya melanggar tapi debiturnya mau juga ngutang disitu,ya resikonya, lebih bgs hutang di teman atau saudara tanpa bunga",2026-06-07T14:57:39.000Z,2026-06-07T14:57:39.000Z,0
instagram,instagram,ig_post,DZSVFpfAWgp,https://www.instagram.com/p/DZSVFpfAWgp/,detikfinanceofficial,,"OJK turun tangan usai menerima pengaduan terkait proses penagihan fintech Solusiku. Regulator kini mendalami dugaan pelanggaran dan meminta penghentian sementara penagihan terhadap konsumen yang telah mengadu hingga pemeriksaan selesai.

Yuk, simak fakta lengkapnya di infografis berikut! 👉

#detikFinance #OJK #Fintech #Solusiku #PerlindunganKonsumen"".",,,2026-06-07T13:30:11.000Z,2026-06-07T13:30:11.000Z,3464,0,317,42,16,"solusiku,fintech,ojk,penagihan,pelanggaran,pengaduan,konsumen",ardi.tamieng,Kok ngegas boss???lu hutang di pinjol jg ya??😂😂😂,2026-06-07T14:58:35.000Z,2026-06-07T14:58:35.000Z,0
instagram,instagram,ig_post,DZSVFpfAWgp,https://www.instagram.com/p/DZSVFpfAWgp/,detikfinanceofficial,,"OJK turun tangan usai menerima pengaduan terkait proses penagihan fintech Solusiku. Regulator kini mendalami dugaan pelanggaran dan meminta penghentian sementara penagihan terhadap konsumen yang telah mengadu hingga pemeriksaan selesai.

Yuk, simak fakta lengkapnya di infografis berikut! 👉

#detikFinance #OJK #Fintech #Solusiku #PerlindunganKonsumen"".",,,2026-06-07T13:30:11.000Z,2026-06-07T13:30:11.000Z,3464,0,317,42,16,"solusiku,fintech,ojk,penagihan,pelanggaran,pengaduan,konsumen",siscaagt8_8,@ardi.tamieng jangan nyalahin orang .. bnyk yg mereka minjem Krn kebutuhan.. buat biaya hidup .. sekolah.. biaya rumah sakit .. modal usaha .. dll.. ga ada yg tau kondisi org gimana.. ga bisa semua diratain.. ditambah cara penagihannya ga sesuai .. hutang wajib bayar hukumnya.. tapi kalo cara penagihannya acak2 sosmed.. bikin orderan fiktif dll gimana.. masih mau bilang debitur harus tau resiko ? Mereka nelen mentah2 resikonya loh .. sampai mohon maaf Krn ga bisa nahan malu dan bund1r.. wow come on..,2026-06-07T15:06:35.000Z,2026-06-07T15:06:35.000Z,0
instagram,instagram,ig_post,DZSVFpfAWgp,https://www.instagram.com/p/DZSVFpfAWgp/,detikfinanceofficial,,"OJK turun tangan usai menerima pengaduan terkait proses penagihan fintech Solusiku. Regulator kini mendalami dugaan pelanggaran dan meminta penghentian sementara penagihan terhadap konsumen yang telah mengadu hingga pemeriksaan selesai.

Yuk, simak fakta lengkapnya di infografis berikut! 👉

#detikFinance #OJK #Fintech #Solusiku #PerlindunganKonsumen"".",,,2026-06-07T13:30:11.000Z,2026-06-07T13:30:11.000Z,3464,0,317,42,16,"solusiku,fintech,ojk,penagihan,pelanggaran,pengaduan,konsumen",nahmd17,@ardi.tamieng justru gw mau binasakan pinjol disini,2026-06-07T15:11:11.000Z,2026-06-07T15:11:11.000Z,0
instagram,instagram,ig_post,DZSVFpfAWgp,https://www.instagram.com/p/DZSVFpfAWgp/,detikfinanceofficial,,"OJK turun tangan usai menerima pengaduan terkait proses penagihan fintech Solusiku. Regulator kini mendalami dugaan pelanggaran dan meminta penghentian sementara penagihan terhadap konsumen yang telah mengadu hingga pemeriksaan selesai.

Yuk, simak fakta lengkapnya di infografis berikut! 👉

#detikFinance #OJK #Fintech #Solusiku #PerlindunganKonsumen"".",,,2026-06-07T13:30:11.000Z,2026-06-07T13:30:11.000Z,3464,0,317,42,16,"solusiku,fintech,ojk,penagihan,pelanggaran,pengaduan,konsumen",radenbagus_arsamulya,"@ardi.tamieng izin yaaa kak pengalaman saya sebagai nasabah/peminjam di Solusiku,saya pernah melakukan pencairan dana pinjaman di solusiku  selang seminggu setelah pencairan saya di teror,di maki maki + dari pihak DC solusiku melakukan pencemaran nama baik kepada saya,dan saya ss bukti tsb lalu saya laporkan ke AFPI, OJK maupun pihak kepolisian setelah sebulan setelah lunas dan saya menunggu itikad baik pihak solusiku kepada saya",2026-06-07T17:16:29.000Z,2026-06-07T17:16:29.000Z,0
instagram,instagram,ig_post,DZSVFpfAWgp,https://www.instagram.com/p/DZSVFpfAWgp/,detikfinanceofficial,,"OJK turun tangan usai menerima pengaduan terkait proses penagihan fintech Solusiku. Regulator kini mendalami dugaan pelanggaran dan meminta penghentian sementara penagihan terhadap konsumen yang telah mengadu hingga pemeriksaan selesai.

Yuk, simak fakta lengkapnya di infografis berikut! 👉

#detikFinance #OJK #Fintech #Solusiku #PerlindunganKonsumen"".",,,2026-06-07T13:30:11.000Z,2026-06-07T13:30:11.000Z,3464,0,317,42,16,"solusiku,fintech,ojk,penagihan,pelanggaran,pengaduan,konsumen",perwira_praja,"@ardi.tamieng jgn takut sm teror tlp dc,msh pd bocil semua,pantesan yg pd mau kerja bener pd ga betah😂",2026-06-07T17:51:00.000Z,2026-06-07T17:51:00.000Z,0
instagram,instagram,ig_post,DZmTdWgEvSM,https://www.instagram.com/p/DZmTdWgEvSM/,ojk_jateng,,"OJK Panggil Solusiku, Tindak Tegas Dugaan Pelanggaran Penagihan

Sobat OJK,

OJK telah memanggil PT Anugerah Digital Indonesia (pemilik merek ""Solusiku"") pada 4 Juni 2026. Langkah ini diambil berdasarkan pengaduan konsumen melalui Aplikasi Portal Perlindungan Konsumen (APPK) OJK terkait proses penagihan yang bermasalah.

Seperti apa tindak tegas OJK terkait dugaan pelanggaran penagihan solusiku? Simak di postingan ini 👆🏻

#OJKIndonesia #Keuangan #Penagihan #DebtCollector #Solusiku"".",,,2026-06-15T07:40:45.000Z,2026-06-15T07:40:45.000Z,67,0,6,62,26,"solusiku,pt anugerah digital indonesia,ojk,penagihan,pelanggaran,pengaduan,konsumen,bermasalah",_sunshinesal,Halo admin izin menanyakan mengenai pengumuman magang kapan ya min? Dikarenakan sudah 3 minggu lalu coming soon tetapi tidak ada kabar sampai sekarang. Mohon kabarnya min,2026-06-15T07:46:50.000Z,2026-06-15T07:46:50.000Z,0
instagram,instagram,ig_post,DZmTdWgEvSM,https://www.instagram.com/p/DZmTdWgEvSM/,ojk_jateng,,"OJK Panggil Solusiku, Tindak Tegas Dugaan Pelanggaran Penagihan

Sobat OJK,

OJK telah memanggil PT Anugerah Digital Indonesia (pemilik merek ""Solusiku"") pada 4 Juni 2026. Langkah ini diambil berdasarkan pengaduan konsumen melalui Aplikasi Portal Perlindungan Konsumen (APPK) OJK terkait proses penagihan yang bermasalah.

Seperti apa tindak tegas OJK terkait dugaan pelanggaran penagihan solusiku? Simak di postingan ini 👆🏻

#OJKIndonesia #Keuangan #Penagihan #DebtCollector #Solusiku"".",,,2026-06-15T07:40:45.000Z,2026-06-15T07:40:45.000Z,67,0,6,62,26,"solusiku,pt anugerah digital indonesia,ojk,penagihan,pelanggaran,pengaduan,konsumen,bermasalah",windasulistyaningsih,Sudah dipanggil @ojk tp msh sama aja ga ada perubahan😢,2026-06-15T14:46:26.000Z,2026-06-15T14:46:26.000Z,0
instagram,instagram,ig_post,DZmTdWgEvSM,https://www.instagram.com/p/DZmTdWgEvSM/,ojk_jateng,,"OJK Panggil Solusiku, Tindak Tegas Dugaan Pelanggaran Penagihan

Sobat OJK,

OJK telah memanggil PT Anugerah Digital Indonesia (pemilik merek ""Solusiku"") pada 4 Juni 2026. Langkah ini diambil berdasarkan pengaduan konsumen melalui Aplikasi Portal Perlindungan Konsumen (APPK) OJK terkait proses penagihan yang bermasalah.

Seperti apa tindak tegas OJK terkait dugaan pelanggaran penagihan solusiku? Simak di postingan ini 👆🏻

#OJKIndonesia #Keuangan #Penagihan #DebtCollector #Solusiku"".",,,2026-06-15T07:40:45.000Z,2026-06-15T07:40:45.000Z,67,0,6,62,26,"solusiku,pt anugerah digital indonesia,ojk,penagihan,pelanggaran,pengaduan,konsumen,bermasalah",reiji_aeris,DM saja juga tak kunjung dibalas,2026-06-15T08:29:15.000Z,2026-06-15T08:29:15.000Z,0
instagram,instagram,ig_post,DZmTdWgEvSM,https://www.instagram.com/p/DZmTdWgEvSM/,ojk_jateng,,"OJK Panggil Solusiku, Tindak Tegas Dugaan Pelanggaran Penagihan

Sobat OJK,

OJK telah memanggil PT Anugerah Digital Indonesia (pemilik merek ""Solusiku"") pada 4 Juni 2026. Langkah ini diambil berdasarkan pengaduan konsumen melalui Aplikasi Portal Perlindungan Konsumen (APPK) OJK terkait proses penagihan yang bermasalah.

Seperti apa tindak tegas OJK terkait dugaan pelanggaran penagihan solusiku? Simak di postingan ini 👆🏻

#OJKIndonesia #Keuangan #Penagihan #DebtCollector #Solusiku"".",,,2026-06-15T07:40:45.000Z,2026-06-15T07:40:45.000Z,67,0,6,62,26,"solusiku,pt anugerah digital indonesia,ojk,penagihan,pelanggaran,pengaduan,konsumen,bermasalah",robethtow,"itu pinjol jangan di masuki ke bi checking, suami tdk tanda tangan kena imbas nya",2026-06-16T00:47:47.000Z,2026-06-16T00:47:47.000Z,0
instagram,instagram,ig_post,DZmTdWgEvSM,https://www.instagram.com/p/DZmTdWgEvSM/,ojk_jateng,,"OJK Panggil Solusiku, Tindak Tegas Dugaan Pelanggaran Penagihan

Sobat OJK,

OJK telah memanggil PT Anugerah Digital Indonesia (pemilik merek ""Solusiku"") pada 4 Juni 2026. Langkah ini diambil berdasarkan pengaduan konsumen melalui Aplikasi Portal Perlindungan Konsumen (APPK) OJK terkait proses penagihan yang bermasalah.

Seperti apa tindak tegas OJK terkait dugaan pelanggaran penagihan solusiku? Simak di postingan ini 👆🏻

#OJKIndonesia #Keuangan #Penagihan #DebtCollector #Solusiku"".",,,2026-06-15T07:40:45.000Z,2026-06-15T07:40:45.000Z,67,0,6,62,26,"solusiku,pt anugerah digital indonesia,ojk,penagihan,pelanggaran,pengaduan,konsumen,bermasalah",bbyd0nt.cry,FIF TUH HARI MINGGU MASIH AJA PENAGIHAN DI PROSES DONG,2026-06-21T04:48:18.000Z,2026-06-21T04:48:18.000Z,0
instagram,instagram,ig_post,DZmTdWgEvSM,https://www.instagram.com/p/DZmTdWgEvSM/,ojk_jateng,,"OJK Panggil Solusiku, Tindak Tegas Dugaan Pelanggaran Penagihan

Sobat OJK,

OJK telah memanggil PT Anugerah Digital Indonesia (pemilik merek ""Solusiku"") pada 4 Juni 2026. Langkah ini diambil berdasarkan pengaduan konsumen melalui Aplikasi Portal Perlindungan Konsumen (APPK) OJK terkait proses penagihan yang bermasalah.

Seperti apa tindak tegas OJK terkait dugaan pelanggaran penagihan solusiku? Simak di postingan ini 👆🏻

#OJKIndonesia #Keuangan #Penagihan #DebtCollector #Solusiku"".",,,2026-06-15T07:40:45.000Z,2026-06-15T07:40:45.000Z,67,0,6,62,26,"solusiku,pt anugerah digital indonesia,ojk,penagihan,pelanggaran,pengaduan,konsumen,bermasalah",reiji_aeris,Tolong ditindaklanjuti laporan pengaduan saya. Sudah dari kemarin belum ada progress,2026-06-15T08:28:56.000Z,2026-06-15T08:28:56.000Z,0
instagram,instagram,ig_post,DZRYAU7k3uJ,https://www.instagram.com/p/DZRYAU7k3uJ/,mediaalkhairaat,,"OJK Panggil Solusiku Terkait Dugaan Pelanggaran dalam Proses Penagihan

#ojksulteng
#ojk
#solusiku #pelamggaran #mediaalkhairaat 

https://media.alkhairaat.id/ojk-panggil-solusiku-terkait-dugaan-pelanggaran-dalam-proses-penagihan/"".",,,2026-06-07T04:36:25.000Z,2026-06-07T04:36:25.000Z,3,0,0,15,13,"solusiku,ojk,penagihan,pelanggaran",,,,,
